epoch,accuracy,train_loss
1,0.26329612606697306,1.928013026714325
2,0.3854235062376888,1.782399833202362
3,0.4077478660538411,1.7021810412406921
4,0.48391332895600786,1.609088623523712
5,0.4885095206828628,1.5866021752357482
6,0.4799737360472751,1.5153226852416992
7,0.5265922521339461,1.5394202947616578
8,0.541037426132633,1.5156045079231262
9,0.5449770190413658,1.4619857907295226
10,0.5633617859487853,1.4060540795326233
11,0.5600787918581747,1.3971446990966796
12,0.5699277741300066,1.37065087556839
13,0.5613919894944189,1.3243096828460694
14,0.5692711753118844,1.3829815864562989
15,0.5771503611293499,1.350844669342041
16,0.5817465528562049,1.3660213351249695
17,0.5738673670387393,1.3434756636619567
18,0.5699277741300066,1.3389484763145447
19,0.5804333552199606,1.2726277351379394
20,0.5810899540380827,1.2646639585494994
21,0.5758371634931058,1.2522510886192322
22,0.5791201575837164,1.24845130443573
23,0.5856861457649376,1.2315378308296203
24,0.5837163493105713,1.1848215103149413
25,0.592908732764281,1.2414448738098145
26,0.587655942219304,1.1960766792297364
27,0.5975049244911359,1.18823299407959
28,0.5955351280367696,1.2118033170700073
29,0.5850295469468155,1.1993940353393555
30,0.5955351280367696,1.1814576029777526
31,0.6047275114904793,1.170874011516571
32,0.5922521339461589,1.165826952457428
33,0.5883125410374261,1.142948281764984
34,0.5948785292186474,1.131602257490158
35,0.6021011162179908,1.1317749321460724
36,0.5968483256730138,1.146616780757904
37,0.6099803020354564,1.0683102071285249
38,0.6047275114904793,1.081473207473755
39,0.6007879185817465,1.1145350575447082
40,0.6014445173998687,1.1157042264938355
41,0.5922521339461589,1.099968922138214
42,0.6014445173998687,1.0734854698181153
43,0.5948785292186474,1.0336095154285432
44,0.6047275114904793,1.026154452562332
45,0.5988181221273802,1.0333343327045441
46,0.603414313854235,1.025038468837738
47,0.5948785292186474,1.0004930555820466
48,0.5942219304005253,0.9877645671367645
49,0.5935653315824031,0.9364382088184356
50,0.6021011162179908,0.9501074135303498
51,0.5981615233092581,0.9577820956707
52,0.5915955351280368,0.9494359910488128
53,0.5968483256730138,0.9223711550235748
54,0.5883125410374261,0.8995450496673584
55,0.6053841103086014,0.8989677608013154
56,0.602757715036113,0.8726561784744262
57,0.5994747209455022,0.8568234980106354
58,0.587655942219304,0.8503586411476135
59,0.5751805646749836,0.8725829958915711
60,0.5955351280367696,0.8572333872318267
61,0.5764937623112278,0.8229219317436218
62,0.572554169402495,0.8318337857723236
63,0.5817465528562049,0.7995275318622589
64,0.5896257386736704,0.7670877993106842
65,0.5843729481286933,0.7700408637523651
66,0.5922521339461589,0.7868584930896759
67,0.5830597504924491,0.7410216271877289
68,0.5771503611293499,0.7831662178039551
69,0.5738673670387393,0.6847792029380798
70,0.5646749835850295,0.698276937007904
71,0.5843729481286933,0.6984776139259339
72,0.5948785292186474,0.702681976556778
73,0.587655942219304,0.7086838722229004
74,0.5843729481286933,0.6959936141967773
75,0.5804333552199606,0.6786074340343475
76,0.5738673670387393,0.6190850555896759
77,0.5791201575837164,0.5899886757135391
78,0.5915955351280368,0.65967156291008
79,0.5653315824031516,0.618224510550499
80,0.5699277741300066,0.5788771420717239
81,0.5732107682206172,0.5904922336339951
82,0.5810899540380827,0.5411199718713761
83,0.571897570584373,0.5980792611837387
84,0.5686145764937623,0.5349361717700958
85,0.5751805646749836,0.5526958554983139
86,0.5751805646749836,0.5661989450454712
87,0.5679579776756402,0.559996885061264
88,0.5659881812212738,0.5079041004180909
89,0.5764937623112278,0.5259248375892639
90,0.562048588312541,0.49263960123062134
91,0.5771503611293499,0.49260916709899905
92,0.5817465528562049,0.4820959746837616
93,0.5771503611293499,0.46927847862243655
94,0.5751805646749836,0.48358374536037446
95,0.5686145764937623,0.46807327270507815
96,0.5791201575837164,0.4278377592563629
97,0.5745239658568615,0.41289466321468354
98,0.556795797767564,0.43550183773040774
99,0.5692711753118844,0.4254421263933182
100,0.5653315824031516,0.45066173672676085
101,0.5653315824031516,0.45195959508419037
102,0.5627051871306632,0.41146751642227175
103,0.5600787918581747,0.4184761464595795
104,0.562048588312541,0.4164485991001129
105,0.5692711753118844,0.389574459195137
106,0.5659881812212738,0.3780285805463791
107,0.5627051871306632,0.40993285179138184
108,0.5699277741300066,0.398173525929451
109,0.5705843729481287,0.3543801248073578
110,0.5613919894944189,0.40032261461019514
111,0.5646749835850295,0.38964648842811583
112,0.5659881812212738,0.3623478144407272
113,0.5673013788575181,0.33511643409729003
114,0.5613919894944189,0.31940657198429107
115,0.5613919894944189,0.3415604829788208
116,0.5449770190413658,0.33134615868330003
117,0.5594221930400525,0.31874682009220123
118,0.5581089954038083,0.36071712970733644
119,0.5508864084044649,0.309871968626976
120,0.5554826001313198,0.3849043816328049
121,0.5561391989494419,0.3090380489826202
122,0.5646749835850295,0.30625948011875154
123,0.5613919894944189,0.2853387206792831
124,0.5469468154957321,0.3096043676137924
125,0.5574523965856861,0.3158952876925468
126,0.5502298095863427,0.3376021146774292
127,0.5581089954038083,0.3023300290107727
128,0.5594221930400525,0.302411787211895
129,0.5640183847669075,0.3170720264315605
130,0.5600787918581747,0.29026153683662415
131,0.556795797767564,0.26665055751800537
132,0.5587655942219304,0.3225291907787323
133,0.5548260013131976,0.3131251186132431
134,0.5508864084044649,0.2663365378975868
135,0.5423506237688772,0.29289001822471616
136,0.5469468154957321,0.24814776927232743
137,0.5469468154957321,0.28346444070339205
138,0.5554826001313198,0.28367822915315627
139,0.5416940249507551,0.2680909514427185
140,0.5561391989494419,0.22681837230920793
141,0.5489166119500984,0.24451666623353957
142,0.5436638214051215,0.26301019489765165
143,0.5581089954038083,0.23936191201210022
144,0.5594221930400525,0.26488040685653685
145,0.5541694024950755,0.2524778380990028
146,0.5521996060407092,0.2650058105587959
147,0.5554826001313198,0.2589543372392654
148,0.5528562048588312,0.2154953360557556
149,0.5489166119500984,0.23142239600419998
150,0.551543007222587,0.25790895968675615
151,0.5613919894944189,0.2295174390077591
152,0.5430072225869993,0.21191750317811966
153,0.5561391989494419,0.22468733936548232
154,0.5443204202232436,0.2519216284155846
155,0.5456336178594878,0.23683532625436782
156,0.5495732107682206,0.23463787883520126
157,0.5554826001313198,0.25310653299093244
158,0.551543007222587,0.231684310734272
159,0.5489166119500984,0.2642238765954971
160,0.541037426132633,0.22803541868925095
161,0.5443204202232436,0.22033069729804994
162,0.5403808273145109,0.1985035702586174
163,0.5456336178594878,0.22608542889356614
164,0.5489166119500984,0.21990540027618408
165,0.5390676296782666,0.20926663726568223
166,0.5495732107682206,0.2320648103952408
167,0.541037426132633,0.20408505648374559
168,0.5423506237688772,0.19704563319683074
169,0.5456336178594878,0.18643180876970292
170,0.5502298095863427,0.1884259134531021
171,0.5502298095863427,0.19044460505247116
172,0.5443204202232436,0.1946186676621437
173,0.5489166119500984,0.1974315881729126
174,0.5528562048588312,0.1871063843369484
175,0.5594221930400525,0.173965173214674
176,0.54629021667761,0.2027117282152176
177,0.5489166119500984,0.206067056953907
178,0.5646749835850295,0.20439321547746658
179,0.54629021667761,0.16842847764492036
180,0.5541694024950755,0.21415246576070784
181,0.5456336178594878,0.18973302692174912
182,0.5469468154957321,0.1793414756655693
183,0.5436638214051215,0.1821590021252632
184,0.5521996060407092,0.1919611930847168
185,0.5416940249507551,0.19121463745832443
186,0.5508864084044649,0.17822513207793236
187,0.5521996060407092,0.18988797962665557
188,0.5535128036769534,0.16613719165325164
189,0.5574523965856861,0.14349898546934128
190,0.5581089954038083,0.18236386477947236
191,0.5489166119500984,0.1810421258211136
192,0.5587655942219304,0.19259643256664277
193,0.5456336178594878,0.19718722477555276
194,0.5489166119500984,0.16290592178702354
195,0.5469468154957321,0.17778628394007684
196,0.5521996060407092,0.2010263830423355
197,0.5581089954038083,0.19960563033819198
198,0.5521996060407092,0.17259433418512343
199,0.5495732107682206,0.15170246437191964
200,0.5489166119500984,0.19133985936641693
201,0.5535128036769534,0.16717273443937303
202,0.5528562048588312,0.1641225442290306
203,0.54629021667761,0.15357116609811783
204,0.5508864084044649,0.1733635999262333
205,0.5482600131319764,0.1936145767569542
206,0.5495732107682206,0.1524601474404335
207,0.5502298095863427,0.13270807564258574
208,0.5574523965856861,0.15470524057745932
209,0.5423506237688772,0.16539834514260293
210,0.5508864084044649,0.16129305809736252
211,0.551543007222587,0.14557533711194992
212,0.5482600131319764,0.1935320943593979
213,0.5561391989494419,0.1808859832584858
214,0.551543007222587,0.17054897919297218
215,0.5508864084044649,0.16908426061272622
216,0.5476034143138543,0.1589860886335373
217,0.551543007222587,0.154511808604002
218,0.5469468154957321,0.15095250084996223
219,0.5541694024950755,0.15729079023003578
220,0.5600787918581747,0.15228256508708
221,0.5528562048588312,0.13271538764238358
222,0.5521996060407092,0.1357569806277752
223,0.5541694024950755,0.13347345143556594
224,0.5600787918581747,0.17250019386410714
225,0.5535128036769534,0.15916168317198753
226,0.5528562048588312,0.13504101261496543
227,0.5502298095863427,0.1661901891231537
228,0.5508864084044649,0.13594906888902186
229,0.5384110308601444,0.139068391174078
230,0.5416940249507551,0.15388631746172904
231,0.5416940249507551,0.16765938624739646
232,0.531188443860801,0.15277519524097444
233,0.5469468154957321,0.1378489091992378
234,0.5476034143138543,0.15365000888705255
235,0.5489166119500984,0.1260669507086277
236,0.5469468154957321,0.12978585660457612
237,0.5456336178594878,0.131789368391037
238,0.5482600131319764,0.15355191975831986
239,0.5403808273145109,0.14173979088664054
240,0.5397242284963887,0.13969099149107933
241,0.5476034143138543,0.1289122335612774
242,0.5384110308601444,0.15873384699225426
243,0.5482600131319764,0.1295565754175186
244,0.5521996060407092,0.1389375776052475
245,0.551543007222587,0.11079970672726631
246,0.5416940249507551,0.12666964903473854
247,0.5416940249507551,0.13615902364253998
248,0.5554826001313198,0.1519059881567955
249,0.5508864084044649,0.1265597254037857
250,0.5495732107682206,0.13720226436853408
251,0.5535128036769534,0.13892488777637482
252,0.5476034143138543,0.14308921247720718
253,0.5449770190413658,0.10384047590196133
254,0.541037426132633,0.12704031057655812
255,0.5469468154957321,0.13453023210167886
256,0.5430072225869993,0.12290795147418976
257,0.5416940249507551,0.11413981951773167
258,0.5423506237688772,0.1275869034230709
259,0.5390676296782666,0.13633412793278693
260,0.5403808273145109,0.12461430579423904
261,0.5370978332239001,0.12166207730770111
262,0.5508864084044649,0.14850310534238814
263,0.54629021667761,0.12816844135522842
264,0.5423506237688772,0.12956163808703422
265,0.5443204202232436,0.11510012671351433
266,0.5403808273145109,0.11672247797250748
267,0.5469468154957321,0.11469684839248658
268,0.551543007222587,0.11605354025959969
269,0.5423506237688772,0.13637497127056122
270,0.5482600131319764,0.12736453264951705
271,0.5482600131319764,0.12104012817144394
272,0.5430072225869993,0.10883044600486755
273,0.54629021667761,0.10596951618790626
274,0.5495732107682206,0.11635101810097695
275,0.5449770190413658,0.11947816833853722
276,0.5482600131319764,0.12110789865255356
277,0.5489166119500984,0.11925444826483726
278,0.5443204202232436,0.11404798552393913
279,0.5449770190413658,0.12766096964478493
280,0.5430072225869993,0.11185196861624717
281,0.5443204202232436,0.11547045409679413
282,0.5384110308601444,0.11509339436888695
283,0.5423506237688772,0.10183908380568027
284,0.5370978332239001,0.1177376601845026
285,0.535784635587656,0.09194322377443313
286,0.5416940249507551,0.12504998818039895
287,0.5430072225869993,0.10479655861854553
288,0.535784635587656,0.11321270689368249
289,0.5436638214051215,0.10326739624142647
290,0.5416940249507551,0.0838046133518219
291,0.5476034143138543,0.13124301619827747
292,0.54629021667761,0.09730442091822625
293,0.551543007222587,0.12231996580958367
294,0.5416940249507551,0.10626251101493836
295,0.5403808273145109,0.1132985845208168
296,0.5476034143138543,0.11205993220210075
297,0.5548260013131976,0.10718480572104454
298,0.541037426132633,0.10770141221582889
299,0.5489166119500984,0.1159493386745453
300,0.5449770190413658,0.08440432660281658
301,0.5423506237688772,0.10144519731402397
302,0.5423506237688772,0.11408158577978611
303,0.5489166119500984,0.09191014617681503
304,0.54629021667761,0.1052106898277998
305,0.5528562048588312,0.09033822230994701
306,0.541037426132633,0.10158665180206299
307,0.5443204202232436,0.10690118260681629
308,0.5443204202232436,0.08948784098029136
309,0.5443204202232436,0.10795421972870826
310,0.5528562048588312,0.1045686811208725
311,0.5449770190413658,0.10544145852327347
312,0.5397242284963887,0.10529720261693001
313,0.5502298095863427,0.12488941624760627
314,0.5364412344057781,0.11494615003466606
315,0.5403808273145109,0.11517946347594261
316,0.5364412344057781,0.09940098449587823
317,0.5430072225869993,0.11169273257255555
318,0.5423506237688772,0.11154605522751808
319,0.5364412344057781,0.09075411949306726
320,0.5436638214051215,0.10121823474764824
321,0.5508864084044649,0.08122739419341088
322,0.5476034143138543,0.09644706882536411
323,0.5456336178594878,0.09468533433973789
324,0.54629021667761,0.09813792854547501
325,0.5436638214051215,0.11075862869620323
326,0.5508864084044649,0.1258869681507349
327,0.541037426132633,0.08130207527428865
328,0.5449770190413658,0.09045960865914822
329,0.5430072225869993,0.0891575787216425
330,0.5430072225869993,0.09432612843811512
331,0.5430072225869993,0.09827051013708114
332,0.5476034143138543,0.11162433177232742
333,0.541037426132633,0.09018020369112492
334,0.5416940249507551,0.13109388947486877
335,0.531188443860801,0.09877233803272248
336,0.535784635587656,0.08372517749667167
337,0.5384110308601444,0.12483189515769481
338,0.5430072225869993,0.11017308197915554
339,0.5456336178594878,0.10373786017298699
340,0.5469468154957321,0.11011647805571556
341,0.5397242284963887,0.09798733741044999
342,0.5390676296782666,0.1119728296995163
343,0.5403808273145109,0.07751450017094612
344,0.5443204202232436,0.10045579001307488
345,0.5390676296782666,0.08209421094506979
346,0.5443204202232436,0.08745552599430084
347,0.54629021667761,0.12519164830446244
348,0.5403808273145109,0.1104203574359417
349,0.5476034143138543,0.0787417609244585
350,0.5423506237688772,0.08149477653205395
351,0.5416940249507551,0.08439058475196362
352,0.5384110308601444,0.09443223662674427
353,0.5495732107682206,0.11716091483831406
354,0.5482600131319764,0.09636341035366058
355,0.541037426132633,0.09229080118238926
356,0.5397242284963887,0.10909233316779136
357,0.5449770190413658,0.09881275072693825
358,0.5495732107682206,0.07826385200023651
359,0.5476034143138543,0.08020478822290897
360,0.5449770190413658,0.1039535529911518
361,0.5443204202232436,0.10365284383296966
362,0.541037426132633,0.09677060022950172
363,0.54629021667761,0.1149786151945591
364,0.5436638214051215,0.09518456943333149
365,0.5351280367695338,0.11483705192804336
366,0.5338148391332895,0.12310244366526604
367,0.5430072225869993,0.0824707306921482
368,0.5489166119500984,0.09265450164675712
369,0.5528562048588312,0.09864386804401874
370,0.5521996060407092,0.09867651276290416
371,0.5502298095863427,0.10228713117539882
372,0.5482600131319764,0.08946439027786254
373,0.5502298095863427,0.10222465321421623
374,0.5482600131319764,0.07583038210868835
375,0.5449770190413658,0.1002396572381258
376,0.5502298095863427,0.08621755428612232
377,0.541037426132633,0.09029140770435333
378,0.5508864084044649,0.11437027975916862
379,0.5430072225869993,0.08518640082329512
380,0.54629021667761,0.11230814009904862
381,0.5482600131319764,0.08052060753107071
382,0.54629021667761,0.09733789525926113
383,0.5403808273145109,0.09227697700262069
384,0.5449770190413658,0.07773226611316204
385,0.5521996060407092,0.0699449460953474
386,0.5456336178594878,0.09812964014708996
387,0.5495732107682206,0.06860960349440574
388,0.5548260013131976,0.0718541070818901
389,0.54629021667761,0.08802120611071587
390,0.5508864084044649,0.08660146556794643
391,0.5541694024950755,0.10596337541937828
392,0.5436638214051215,0.09084316715598106
393,0.5436638214051215,0.07290374711155892
394,0.54629021667761,0.08296519350260496
395,0.5423506237688772,0.08590364381670952
396,0.54629021667761,0.07676149029284715
397,0.5449770190413658,0.08288934640586376
398,0.5502298095863427,0.08901999033987522
399,0.5443204202232436,0.09447697810828685
400,0.5508864084044649,0.09475893825292588
401,0.5482600131319764,0.087958212941885
402,0.5521996060407092,0.07274786569178104
403,0.5541694024950755,0.09500522464513779
404,0.556795797767564,0.08244876340031623
405,0.556795797767564,0.09655675999820232
406,0.5489166119500984,0.08129475973546504
407,0.5495732107682206,0.07174595519900322
408,0.5541694024950755,0.08507764302194118
409,0.5482600131319764,0.06967871766537428
410,0.54629021667761,0.08405737802386284
411,0.5508864084044649,0.09020752348005771
412,0.5561391989494419,0.08335820809006692
413,0.5554826001313198,0.0666021965444088
414,0.556795797767564,0.07353375069797038
415,0.5581089954038083,0.06752088330686093
416,0.5482600131319764,0.08650592155754566
417,0.5489166119500984,0.07687390539795161
418,0.5548260013131976,0.08357613980770111
419,0.5489166119500984,0.08440534062683583
420,0.5528562048588312,0.08333623930811881
421,0.5548260013131976,0.08716065511107444
422,0.5508864084044649,0.07150774896144867
423,0.5436638214051215,0.09089608006179332
424,0.5403808273145109,0.08063196092844009
425,0.5469468154957321,0.06392086483538151
426,0.5541694024950755,0.08060375042259693
427,0.5561391989494419,0.09399958476424217
428,0.5469468154957321,0.08543159961700439
429,0.5528562048588312,0.0668287631124258
430,0.5528562048588312,0.09070862345397472
431,0.54629021667761,0.09362498354166746
432,0.5502298095863427,0.08356767147779465
433,0.5508864084044649,0.07731170207262039
434,0.5469468154957321,0.09439653605222702
435,0.5482600131319764,0.09080180786550045
436,0.5502298095863427,0.1054273460060358
437,0.5456336178594878,0.09280367866158486
438,0.5476034143138543,0.07919410020112991
439,0.5423506237688772,0.09832119457423687
440,0.541037426132633,0.06736924760043621
441,0.5482600131319764,0.07364043481647968
442,0.5482600131319764,0.08949665576219559
443,0.54629021667761,0.08328300788998604
444,0.5528562048588312,0.0774415958672762
445,0.5535128036769534,0.07509415484964847
446,0.551543007222587,0.1074381299316883
447,0.5508864084044649,0.07843223102390766
448,0.5528562048588312,0.06856201067566872
449,0.5456336178594878,0.07298951372504234
450,0.5489166119500984,0.07224793434143066
451,0.5528562048588312,0.07945132926106453
452,0.5456336178594878,0.0789979811757803
453,0.5469468154957321,0.06790249962359667
454,0.5423506237688772,0.07423126474022865
455,0.5482600131319764,0.07161124572157859
456,0.551543007222587,0.08453403860330581
457,0.5502298095863427,0.08538257479667663
458,0.551543007222587,0.07087096255272626
459,0.54629021667761,0.075201422162354
460,0.5535128036769534,0.0814396608620882
461,0.5548260013131976,0.08979170136153698
462,0.5502298095863427,0.059882923401892184
463,0.5456336178594878,0.08137177862226963
464,0.5502298095863427,0.07994419932365418
465,0.556795797767564,0.08143114484846592
466,0.5502298095863427,0.06725035589188337
467,0.5521996060407092,0.08918860536068678
468,0.5476034143138543,0.08888620510697365
469,0.5495732107682206,0.08546448610723019
470,0.5456336178594878,0.07159455679357052
471,0.5495732107682206,0.08726958893239498
472,0.5535128036769534,0.09575916416943073
473,0.5423506237688772,0.08402964808046817
474,0.5430072225869993,0.08457240238785743
475,0.541037426132633,0.08761563822627068
476,0.5384110308601444,0.07982511762529612
477,0.5476034143138543,0.07999486662447453
478,0.5456336178594878,0.06770217530429364
479,0.5521996060407092,0.06934684813022614
480,0.5521996060407092,0.08836769647896289
481,0.5469468154957321,0.07565775327384472
482,0.54629021667761,0.07404912412166595
483,0.5449770190413658,0.0819961754605174
484,0.5443204202232436,0.1253932885825634
485,0.5469468154957321,0.06281964331865311
486,0.5482600131319764,0.08202317878603935
487,0.5469468154957321,0.07307972237467766
488,0.5482600131319764,0.07322527952492237
489,0.5489166119500984,0.07910816669464112
490,0.5482600131319764,0.058774055913090706
491,0.5482600131319764,0.07375062927603722
492,0.5489166119500984,0.05917472494766116
493,0.551543007222587,0.08670123592019081
494,0.5495732107682206,0.07339456602931023
495,0.5489166119500984,0.09582093954086304
496,0.5476034143138543,0.060456904396414754
497,0.5489166119500984,0.07648621760308742
498,0.556795797767564,0.09097148738801479
499,0.5528562048588312,0.0759433949366212
500,0.5482600131319764,0.08571935594081878
501,0.5495732107682206,0.07936370298266411
502,0.5548260013131976,0.08779432848095894
503,0.5482600131319764,0.08471846655011177
504,0.5495732107682206,0.08064014837145805
505,0.5469468154957321,0.07591702193021774
506,0.5502298095863427,0.07044547088444233
507,0.5502298095863427,0.07529846727848052
508,0.5521996060407092,0.08381880335509777
509,0.5561391989494419,0.08445780761539937
510,0.556795797767564,0.07791318893432617
511,0.5508864084044649,0.06610304787755013
512,0.5508864084044649,0.08721520733088255
513,0.5482600131319764,0.07385104522109032
514,0.5521996060407092,0.08559148237109185
515,0.5502298095863427,0.09862054958939552
516,0.5482600131319764,0.06678688786923885
517,0.551543007222587,0.06111649367958307
518,0.5554826001313198,0.07382609881460667
519,0.5561391989494419,0.07939486615359784
520,0.5508864084044649,0.08002643417567015
521,0.551543007222587,0.07294209189713001
522,0.5502298095863427,0.08151602260768413
523,0.5528562048588312,0.08196017891168594
524,0.551543007222587,0.06649958938360215
525,0.5528562048588312,0.08353731259703637
526,0.5489166119500984,0.10641683712601661
527,0.5561391989494419,0.07225832771509885
528,0.551543007222587,0.07472738288342953
529,0.551543007222587,0.07968525346368552
530,0.5489166119500984,0.07205344177782536
531,0.5476034143138543,0.06997443474829197
532,0.5495732107682206,0.0646787028759718
533,0.5495732107682206,0.06587718166410923
534,0.5482600131319764,0.07506943643093109
535,0.5482600131319764,0.07772938963025808
536,0.5489166119500984,0.07243012972176074
537,0.5436638214051215,0.0652994055300951
538,0.5436638214051215,0.08623264394700528
539,0.5443204202232436,0.06403154768049717
540,0.5390676296782666,0.06778637655079364
541,0.5416940249507551,0.08393607586622238
542,0.5403808273145109,0.07162376698106528
543,0.5397242284963887,0.06078929454088211
544,0.5430072225869993,0.07471464052796364
545,0.5443204202232436,0.07859518397599459
546,0.5443204202232436,0.07502135783433914
547,0.5482600131319764,0.07065294161438943
548,0.5495732107682206,0.07070393227040768
549,0.5449770190413658,0.07567724734544753
550,0.5508864084044649,0.0651782538741827
551,0.5476034143138543,0.06555564124137163
552,0.5521996060407092,0.059065524302423
553,0.5482600131319764,0.08616855144500732
554,0.5469468154957321,0.06860624626278877
555,0.5456336178594878,0.06874974872916936
556,0.5456336178594878,0.07999365329742432
557,0.5469468154957321,0.0734549380838871
558,0.5469468154957321,0.06107452753931284
559,0.5469468154957321,0.07427237937226891
560,0.5449770190413658,0.054020209377631544
561,0.5502298095863427,0.060394647531211376
562,0.5469468154957321,0.0958011807873845
563,0.54629021667761,0.0694438406266272
564,0.54629021667761,0.07588147483766079
565,0.5502298095863427,0.06998509392142296
566,0.54629021667761,0.07762761134654284
567,0.5508864084044649,0.061379557475447655
568,0.5495732107682206,0.06982721127569676
569,0.5476034143138543,0.06653341222554446
570,0.5476034143138543,0.059095682390034196
571,0.5482600131319764,0.07983773909509181
572,0.5469468154957321,0.08514758497476578
573,0.5469468154957321,0.07654376514256
574,0.5449770190413658,0.07109345048666
575,0.5476034143138543,0.06556465961039067
576,0.5443204202232436,0.07336963191628457
577,0.5416940249507551,0.07961578126996756
578,0.5449770190413658,0.06628467720001936
579,0.5443204202232436,0.059480758383870125
580,0.5390676296782666,0.06648460552096366
581,0.5416940249507551,0.08379020038992166
582,0.5443204202232436,0.07443400844931602
583,0.5423506237688772,0.06479529300704598
584,0.541037426132633,0.0668132310733199
585,0.5430072225869993,0.07020485959947109
586,0.5416940249507551,0.06293814331293106
587,0.5403808273145109,0.06854461282491683
588,0.541037426132633,0.06648870520293712
589,0.5469468154957321,0.06848917938768864
590,0.5482600131319764,0.06615184992551804
591,0.54629021667761,0.0687375308945775
592,0.5423506237688772,0.05557476636022329
593,0.5430072225869993,0.0600306635722518
594,0.5436638214051215,0.059357110410928726
595,0.5436638214051215,0.06910968292504549
596,0.54629021667761,0.05475999787449837
597,0.5430072225869993,0.061062066629529
598,0.5495732107682206,0.07164426892995834
599,0.5449770190413658,0.06064971722662449
600,0.5430072225869993,0.05717232692986727
601,0.5449770190413658,0.0677005423232913
602,0.5456336178594878,0.06441998742520809
603,0.5482600131319764,0.0600392771884799
604,0.5489166119500984,0.08734409026801586
605,0.5482600131319764,0.07230095565319061
606,0.5495732107682206,0.04927776288241148
607,0.5423506237688772,0.056288483738899234
608,0.5430072225869993,0.10786115191876888
609,0.541037426132633,0.07573628276586533
610,0.5416940249507551,0.06761852949857712
611,0.5403808273145109,0.0639733960852027
612,0.5416940249507551,0.05910192765295506
613,0.5449770190413658,0.07171675302088261
614,0.5436638214051215,0.070479104667902
615,0.5423506237688772,0.0684729989618063
616,0.5456336178594878,0.059814282692968845
617,0.5456336178594878,0.0741646409034729
618,0.5449770190413658,0.08684361837804318
619,0.5423506237688772,0.0681475955992937
620,0.5416940249507551,0.05775745064020157
621,0.5449770190413658,0.08215651903301477
622,0.5430072225869993,0.07979472875595092
623,0.5423506237688772,0.06721952324733138
624,0.5449770190413658,0.07567901536822319
625,0.5436638214051215,0.07213376862928271
626,0.5469468154957321,0.07128428444266319
627,0.5430072225869993,0.07541400194168091
628,0.5430072225869993,0.07122094705700874
629,0.5482600131319764,0.06727412007749081
630,0.5436638214051215,0.07340516094118357
631,0.5377544320420223,0.08784894347190857
632,0.5370978332239001,0.0644343238323927
633,0.5377544320420223,0.0670886542648077
634,0.5403808273145109,0.06760379262268543
635,0.541037426132633,0.05993801634758711
636,0.5423506237688772,0.06320086847990751
637,0.5436638214051215,0.07045351099222899
638,0.541037426132633,0.07599374502897263
639,0.5416940249507551,0.07058108672499656
640,0.5449770190413658,0.08874959759414196
641,0.5430072225869993,0.08109575286507606
642,0.5456336178594878,0.06757970079779625
643,0.5423506237688772,0.05419999342411756
644,0.5456336178594878,0.05589456632733345
645,0.5449770190413658,0.0578118696808815
646,0.5449770190413658,0.06619942039251328
647,0.5436638214051215,0.06684231832623481
648,0.5423506237688772,0.08082113191485404
649,0.54629021667761,0.06773410961031914
650,0.54629021667761,0.06245812010020017
651,0.5430072225869993,0.06788285057991743
652,0.5384110308601444,0.06978041036054491
653,0.5436638214051215,0.055765181221067904
654,0.5416940249507551,0.07451857384294272
655,0.5456336178594878,0.06579369269311428
656,0.5469468154957321,0.06437350697815418
657,0.5436638214051215,0.06665890514850617
658,0.5449770190413658,0.08819662779569626
659,0.5456336178594878,0.06274939011782407
660,0.5449770190413658,0.07642088364809752
661,0.5476034143138543,0.06335554197430611
662,0.5436638214051215,0.07430056668817997
663,0.5423506237688772,0.07035896740853786
664,0.541037426132633,0.08979936968535185
665,0.5390676296782666,0.047726260218769315
666,0.5390676296782666,0.052322387835010885
667,0.5423506237688772,0.052955400012433526
668,0.5430072225869993,0.07667956855148077
669,0.5403808273145109,0.0876779742538929
670,0.541037426132633,0.06841170601546764
671,0.5403808273145109,0.059214608557522294
672,0.5403808273145109,0.049922011839225885
673,0.5416940249507551,0.0562662472948432
674,0.541037426132633,0.06831790339201689
675,0.5416940249507551,0.0743361957371235
676,0.5436638214051215,0.08161142263561487
677,0.5489166119500984,0.0625430665910244
678,0.5482600131319764,0.062454120442271235
679,0.5423506237688772,0.06478166319429875
680,0.5449770190413658,0.07153214998543263
681,0.541037426132633,0.06257950514554977
682,0.541037426132633,0.06911110170185567
683,0.5436638214051215,0.07330114264041185
684,0.5436638214051215,0.06881837416440248
685,0.5430072225869993,0.08428401574492454
686,0.541037426132633,0.07541167624294758
687,0.5397242284963887,0.09611867964267731
688,0.541037426132633,0.0698399230837822
689,0.5430072225869993,0.06601259484887123
690,0.5430072225869993,0.044176322408020496
691,0.5476034143138543,0.06398929115384817
692,0.5489166119500984,0.06705223666504026
693,0.5489166119500984,0.07261182069778442
694,0.5495732107682206,0.05950781777501106
695,0.5495732107682206,0.06411662250757218
696,0.5495732107682206,0.06312356423586607
697,0.5502298095863427,0.07175505608320236
698,0.5476034143138543,0.06521605234593153
699,0.5489166119500984,0.06795964259654283
700,0.5482600131319764,0.06129818819463253
701,0.5476034143138543,0.0655109766870737
702,0.5469468154957321,0.06210829988121987
703,0.5456336178594878,0.07195230759680271
704,0.5449770190413658,0.06960381707176566
705,0.5482600131319764,0.07103324048221112
706,0.5430072225869993,0.07775553651154041
707,0.5449770190413658,0.08135163448750973
708,0.54629021667761,0.06246561519801617
709,0.541037426132633,0.051105383411049844
710,0.541037426132633,0.09113496281206608
711,0.5430072225869993,0.08225486278533936
712,0.5403808273145109,0.054034245759248735
713,0.5430072225869993,0.06325214561074972
714,0.5390676296782666,0.0657189667224884
715,0.5416940249507551,0.06488831210881471
716,0.5430072225869993,0.07733675502240658
717,0.5449770190413658,0.07792863659560681
718,0.5508864084044649,0.06330934464931488
719,0.5482600131319764,0.055307503417134286
720,0.5482600131319764,0.07547842133790254
721,0.5495732107682206,0.06532552875578404
722,0.5482600131319764,0.06244936548173428
723,0.5443204202232436,0.07146541774272919
724,0.5469468154957321,0.08118804544210434
725,0.5436638214051215,0.06244327817112207
726,0.5430072225869993,0.06295170895755291
727,0.5423506237688772,0.069999211281538
728,0.5423506237688772,0.07309465855360031
729,0.5416940249507551,0.06164312623441219
730,0.541037426132633,0.07339162677526474
731,0.5423506237688772,0.06174311526119709
732,0.541037426132633,0.08013330027461052
733,0.541037426132633,0.0556619293987751
734,0.5416940249507551,0.06401896812021732
735,0.5456336178594878,0.07219589338637888
736,0.5430072225869993,0.07001234255731106
737,0.5436638214051215,0.07099834531545639
738,0.5436638214051215,0.06409678980708122
739,0.5449770190413658,0.07747724540531635
740,0.5436638214051215,0.08171752393245697
741,0.5430072225869993,0.05993967838585377
742,0.5443204202232436,0.06140448860824108
743,0.5443204202232436,0.07702248692512512
744,0.5403808273145109,0.06262595281004905
745,0.541037426132633,0.06497378945350647
746,0.5436638214051215,0.08168820887804032
747,0.5430072225869993,0.07485840693116189
748,0.5430072225869993,0.06274346150457859
749,0.5443204202232436,0.07797730863094329
750,0.541037426132633,0.07006006315350533
751,0.5390676296782666,0.06271378230303526
752,0.5390676296782666,0.08081743121147156
753,0.5390676296782666,0.0632103893905878
754,0.5390676296782666,0.06981196608394384
755,0.5403808273145109,0.07138859890401364
756,0.5416940249507551,0.05821241121739149
757,0.5390676296782666,0.05831750109791756
758,0.5390676296782666,0.07341346517205238
759,0.5397242284963887,0.04946720525622368
760,0.5403808273145109,0.0503589004278183
761,0.5416940249507551,0.07991920597851276
762,0.5397242284963887,0.050997831113636496
763,0.541037426132633,0.07258092015981674
764,0.5390676296782666,0.06967825815081596
765,0.5390676296782666,0.0757605355232954
766,0.5384110308601444,0.06517035085707903
767,0.5390676296782666,0.06013068361207843
768,0.5390676296782666,0.05357388891279698
769,0.5390676296782666,0.06727824211120606
770,0.5397242284963887,0.07391686514019966
771,0.5423506237688772,0.08466878905892372
772,0.541037426132633,0.05702077131718397
773,0.541037426132633,0.06346337795257569
774,0.5384110308601444,0.05974922683089971
775,0.5390676296782666,0.06857863441109657
776,0.5390676296782666,0.08669704832136631
777,0.5377544320420223,0.04569634525105357
778,0.5403808273145109,0.0637698844075203
779,0.5384110308601444,0.05767127349972725
780,0.5384110308601444,0.0654861118644476
781,0.5384110308601444,0.07206123024225235
782,0.5377544320420223,0.06964584011584521
783,0.5390676296782666,0.06407333631068468
784,0.535784635587656,0.06813921052962542
785,0.5364412344057781,0.06881941463798284
786,0.5370978332239001,0.048627528548240664
787,0.5384110308601444,0.06568891368806362
788,0.5416940249507551,0.06832990404218435
789,0.5397242284963887,0.058577141538262364
790,0.541037426132633,0.05262853130698204
791,0.541037426132633,0.061620416771620515
792,0.5416940249507551,0.07172156684100628
793,0.5390676296782666,0.06491083595901728
794,0.5436638214051215,0.06195575315505266
795,0.5384110308601444,0.05700679123401642
796,0.5384110308601444,0.05606819186359644
797,0.5384110308601444,0.05259406007826328
798,0.5390676296782666,0.054365558177232744
799,0.5390676296782666,0.04994968064129353
800,0.5397242284963887,0.050869861617684364
801,0.541037426132633,0.07267476245760918
802,0.5423506237688772,0.05639992617070675
803,0.5423506237688772,0.06470337584614753
804,0.5403808273145109,0.06474837884306908
805,0.541037426132633,0.06669338904321194
806,0.5423506237688772,0.06521044988185168
807,0.5416940249507551,0.056866294518113134
808,0.5416940249507551,0.07783438079059124
809,0.5443204202232436,0.05765808746218681
810,0.5416940249507551,0.0825001947581768
811,0.5430072225869993,0.05668303929269314
812,0.5403808273145109,0.06881828531622887
813,0.5423506237688772,0.04833334777504206
814,0.5416940249507551,0.05664254021830857
815,0.5430072225869993,0.062440811190754175
816,0.5443204202232436,0.07244050148874522
817,0.5436638214051215,0.07169345133006573
818,0.5430072225869993,0.07898489516228438
819,0.5436638214051215,0.05097215278074145
820,0.5436638214051215,0.0645187234506011
821,0.5443204202232436,0.05720173604786396
822,0.5436638214051215,0.0666182504966855
823,0.5430072225869993,0.0679559662938118
824,0.5436638214051215,0.05230623167008162
825,0.5443204202232436,0.07102903537452221
826,0.541037426132633,0.049898001831024885
827,0.5436638214051215,0.05890688356012106
828,0.5436638214051215,0.0619196854531765
829,0.54629021667761,0.06999580841511488
830,0.5456336178594878,0.07517196219414472
831,0.5436638214051215,0.05484134629368782
832,0.5443204202232436,0.07889125868678093
833,0.5456336178594878,0.07403510846197606
834,0.5449770190413658,0.07256715558469296
835,0.5436638214051215,0.05350049939006567
836,0.5430072225869993,0.055483395140618084
837,0.5423506237688772,0.08349333973601461
838,0.5436638214051215,0.037213257141411306
839,0.5430072225869993,0.0733755293302238
840,0.5436638214051215,0.06494427174329757
841,0.5430072225869993,0.055850815027952194
842,0.5430072225869993,0.04975494369864464
843,0.5443204202232436,0.06199786849319935
844,0.5423506237688772,0.055091255158185956
845,0.5423506237688772,0.06487536812201142
846,0.5443204202232436,0.06566336043179036
847,0.5443204202232436,0.05560969803482294
848,0.5443204202232436,0.06414724998176098
849,0.5449770190413658,0.06383363958448171
850,0.5443204202232436,0.06103265155106783
851,0.5436638214051215,0.06606567613780498
852,0.54629021667761,0.062177995778620244
853,0.5469468154957321,0.0640784153714776
854,0.54629021667761,0.07080906014889479
855,0.5436638214051215,0.06368025429546834
856,0.5423506237688772,0.07413050644099713
857,0.5423506237688772,0.05959808342158794
858,0.5436638214051215,0.05862979739904404
859,0.5449770190413658,0.07117513027042151
860,0.5436638214051215,0.08172737509012222
861,0.5423506237688772,0.060175953060388566
862,0.541037426132633,0.04905848279595375
863,0.5436638214051215,0.07751315087080002
864,0.5416940249507551,0.07100062314420938
865,0.5397242284963887,0.07321254345588386
866,0.5403808273145109,0.06681005749851465
867,0.541037426132633,0.061012078821659085
868,0.5397242284963887,0.07107269242405892
869,0.5403808273145109,0.06312286304309964
870,0.5416940249507551,0.06663807090371847
871,0.541037426132633,0.06257820501923561
872,0.5403808273145109,0.06184125347062945
873,0.5436638214051215,0.07004096060991287
874,0.5436638214051215,0.06298372857272624
875,0.5430072225869993,0.08004362508654594
876,0.5436638214051215,0.06483711823821067
877,0.5443204202232436,0.07235738299787045
878,0.5423506237688772,0.07759147472679614
879,0.5423506237688772,0.07059142366051674
880,0.5449770190413658,0.05324208028614521
881,0.5456336178594878,0.04841322638094425
882,0.5436638214051215,0.052192835696041585
883,0.5430072225869993,0.06200884766876698
884,0.5423506237688772,0.0736797209829092
885,0.5416940249507551,0.06081159468740225
886,0.5416940249507551,0.05241103135049343
887,0.5416940249507551,0.06272702440619468
888,0.5416940249507551,0.06896433513611555
889,0.5423506237688772,0.06710821343585849
890,0.5416940249507551,0.06292064925655723
891,0.5423506237688772,0.04875934012234211
892,0.5430072225869993,0.05837323274463415
893,0.5436638214051215,0.0486380570102483
894,0.5443204202232436,0.06727552823722363
895,0.5456336178594878,0.06820773314684629
896,0.5449770190413658,0.0611218836158514
897,0.5469468154957321,0.05225593391805887
898,0.54629021667761,0.05587234254926443
899,0.5469468154957321,0.050555262714624405
900,0.5449770190413658,0.05941119231283665
901,0.5436638214051215,0.0671970309689641
902,0.5449770190413658,0.062113558501005174
903,0.5449770190413658,0.0651689913123846
904,0.5443204202232436,0.06708348309621215
905,0.5443204202232436,0.057120034005492926
906,0.5430072225869993,0.07850389331579208
907,0.5430072225869993,0.07338910903781652
908,0.5416940249507551,0.07102464959025383
909,0.5430072225869993,0.06731753647327424
910,0.5449770190413658,0.07737073767930269
911,0.5436638214051215,0.05830616783350706
912,0.5449770190413658,0.05923524014651775
913,0.5456336178594878,0.05671219732612372
914,0.5449770190413658,0.06515062525868416
915,0.5443204202232436,0.05601075235754251
916,0.5423506237688772,0.05825823680497706
917,0.5436638214051215,0.06859720200300216
918,0.5436638214051215,0.052887624502182005
919,0.5449770190413658,0.05481311958283186
920,0.5443204202232436,0.06677728816866875
921,0.5456336178594878,0.07237572111189365
922,0.5443204202232436,0.06539415512233973
923,0.5436638214051215,0.05986538529396057
924,0.5456336178594878,0.05554961413145065
925,0.5443204202232436,0.0650876235216856
926,0.5456336178594878,0.06769212894141674
927,0.5476034143138543,0.08962772656232118
928,0.5449770190413658,0.06295287907123566
929,0.5443204202232436,0.061624448839575054
930,0.5443204202232436,0.050944892689585686
931,0.5449770190413658,0.058212364464998244
932,0.5449770190413658,0.07949630506336688
933,0.5443204202232436,0.05033978503197432
934,0.5443204202232436,0.06639913097023964
935,0.5449770190413658,0.06487530078738928
936,0.5436638214051215,0.05504168700426817
937,0.5443204202232436,0.04499632148072123
938,0.5456336178594878,0.07496649269014596
939,0.5443204202232436,0.061699727550148964
940,0.5443204202232436,0.06338298711925745
941,0.5430072225869993,0.06273625385947526
942,0.5449770190413658,0.05616622343659401
943,0.54629021667761,0.05871895104646683
944,0.5476034143138543,0.062275377288460734
945,0.5489166119500984,0.04088770020753145
946,0.5482600131319764,0.07897060494869948
947,0.5476034143138543,0.06055486779659987
948,0.5476034143138543,0.06355422586202622
949,0.5456336178594878,0.04764730166643858
950,0.5469468154957321,0.0761086255311966
951,0.54629021667761,0.0699678611010313
952,0.5482600131319764,0.06398837193846703
953,0.5482600131319764,0.0582422791980207
954,0.5476034143138543,0.0671013904735446
955,0.5469468154957321,0.049782315641641615
956,0.5449770190413658,0.07370469160377979
957,0.5456336178594878,0.07411450725048781
958,0.5476034143138543,0.08182410001754761
959,0.5482600131319764,0.05609760992228985
960,0.5476034143138543,0.07412499841302633
961,0.5476034143138543,0.06881968900561333
962,0.5476034143138543,0.05675216428935528
963,0.5456336178594878,0.04850293155759573
964,0.5469468154957321,0.07685309294611216
965,0.5476034143138543,0.07180267404764891
966,0.54629021667761,0.06197999604046345
967,0.5449770190413658,0.06603699624538421
968,0.5443204202232436,0.06440905649214983
969,0.5469468154957321,0.0694862999022007
970,0.5449770190413658,0.08734982423484325
971,0.54629021667761,0.06643075831234455
972,0.5469468154957321,0.05174899622797966
973,0.5482600131319764,0.06600149176083506
974,0.5482600131319764,0.05838127713650465
975,0.5482600131319764,0.059054869273677466
976,0.5495732107682206,0.07448930013924837
977,0.5489166119500984,0.059346270933747294
978,0.5489166119500984,0.06456390228122473
979,0.5482600131319764,0.04712560307234526
980,0.5482600131319764,0.05828097406774759
981,0.5476034143138543,0.08538989461958409
982,0.5482600131319764,0.07878939621150494
983,0.5482600131319764,0.06908576525747775
984,0.5489166119500984,0.06013257736340165
985,0.5502298095863427,0.07350155394524335
986,0.5495732107682206,0.07132970578968525
987,0.5495732107682206,0.06742767505347728
988,0.5495732107682206,0.07779139438644052
989,0.5482600131319764,0.07080619335174561
990,0.5482600131319764,0.07522485274821519
991,0.5489166119500984,0.05837595360353589
992,0.5469468154957321,0.06537024099379778
993,0.5476034143138543,0.05968191493302584
994,0.5495732107682206,0.08050965592265129
995,0.5502298095863427,0.054574958980083466
996,0.5482600131319764,0.06794800385832786
997,0.5502298095863427,0.06469946745783091
998,0.5489166119500984,0.06257120817899704
999,0.5482600131319764,0.07021743264049292
1000,0.5489166119500984,0.04504350246861577
1001,0.5489166119500984,0.07390786819159985
1002,0.5489166119500984,0.060952705517411235
1003,0.5482600131319764,0.06841649264097213
1004,0.5482600131319764,0.05812979638576508
1005,0.5476034143138543,0.06682547219097615
1006,0.5489166119500984,0.051267263293266294
1007,0.5482600131319764,0.05915719214826822
1008,0.5482600131319764,0.06633837567642331
1009,0.5476034143138543,0.060354181192815305
1010,0.5489166119500984,0.07154155876487493
1011,0.5476034143138543,0.05969384964555502
1012,0.5476034143138543,0.07691866382956505
1013,0.5469468154957321,0.054919440485537055
1014,0.5456336178594878,0.07754485420882702
1015,0.5476034143138543,0.06876717824488879
1016,0.5482600131319764,0.07051616720855236
1017,0.5469468154957321,0.05983233563601971
1018,0.5489166119500984,0.06153214648365975
1019,0.5482600131319764,0.0668104775249958
1020,0.5489166119500984,0.06348858010023832
1021,0.5489166119500984,0.06614365503191948
1022,0.5482600131319764,0.05533540192991495
1023,0.5489166119500984,0.06686198459938168
1024,0.5469468154957321,0.0635093629360199
1025,0.5469468154957321,0.07140369974076748
1026,0.5449770190413658,0.06261662188917398
1027,0.5449770190413658,0.05610556211322546
1028,0.5456336178594878,0.06411796449683607
1029,0.5456336178594878,0.051232706755399704
1030,0.5443204202232436,0.07045532744377851
1031,0.5456336178594878,0.06617499962449074
1032,0.5449770190413658,0.05234119929373264
1033,0.5443204202232436,0.0643990084528923
1034,0.5469468154957321,0.054538481030613185
1035,0.5456336178594878,0.047134356945753096
1036,0.5456336178594878,0.06759984605014324
1037,0.5469468154957321,0.05733167948201299
1038,0.5449770190413658,0.056070415396243335
1039,0.5436638214051215,0.058519292064011096
1040,0.5456336178594878,0.06354082133620978
1041,0.5436638214051215,0.05350313261151314
1042,0.5456336178594878,0.07209348268806934
1043,0.5456336178594878,0.07860597986727953
1044,0.5449770190413658,0.06539187021553516
1045,0.5443204202232436,0.06843254752457142
1046,0.5443204202232436,0.056998511264100674
1047,0.5449770190413658,0.058947878144681456
1048,0.5443204202232436,0.07396747320890426
1049,0.5449770190413658,0.06457846704870462
1050,0.5456336178594878,0.06570768933743239
1051,0.5449770190413658,0.06996888108551502
1052,0.5449770190413658,0.05762796401977539
1053,0.54629021667761,0.05185582358390093
1054,0.54629021667761,0.06775632798671723
1055,0.54629021667761,0.08680411279201508
1056,0.5469468154957321,0.07775720655918121
1057,0.5456336178594878,0.043394939694553616
1058,0.54629021667761,0.06987020708620548
1059,0.54629021667761,0.059342299774289134
1060,0.5456336178594878,0.05747693181037903
1061,0.5449770190413658,0.05620497055351734
1062,0.5456336178594878,0.04981700461357832
1063,0.5456336178594878,0.057385654747486116
1064,0.54629021667761,0.06877263262867928
1065,0.5456336178594878,0.06718852818012237
1066,0.5469468154957321,0.07631372101604939
1067,0.5449770190413658,0.07906326577067375
1068,0.5449770190413658,0.05540958670899272
1069,0.5449770190413658,0.07324791476130485
1070,0.5456336178594878,0.05496593788266182
1071,0.5456336178594878,0.07011637687683106
1072,0.54629021667761,0.06919768862426282
1073,0.5449770190413658,0.05905446466058493
1074,0.5443204202232436,0.05430354159325361
1075,0.5449770190413658,0.061418642103672025
1076,0.5449770190413658,0.049357677809894085
1077,0.5436638214051215,0.04864902598783374
1078,0.5449770190413658,0.04863830506801605
1079,0.5456336178594878,0.051082697696983814
1080,0.5456336178594878,0.06961165256798267
1081,0.54629021667761,0.04786530118435621
1082,0.5449770190413658,0.0628534808754921
1083,0.5449770190413658,0.07053619772195815
1084,0.5443204202232436,0.08288029283285141
1085,0.5443204202232436,0.0481783177703619
1086,0.5449770190413658,0.06516923843882978
1087,0.5449770190413658,0.05240589939057827
1088,0.5456336178594878,0.0705214224755764
1089,0.5456336178594878,0.06882150284945965
1090,0.54629021667761,0.07218888644129037
1091,0.5469468154957321,0.057564903795719144
1092,0.54629021667761,0.04740150645375252
1093,0.5469468154957321,0.07582724504172803
1094,0.5476034143138543,0.0681135606020689
1095,0.54629021667761,0.052469140850007534
1096,0.54629021667761,0.057166609168052676
1097,0.5456336178594878,0.06727677546441554
1098,0.54629021667761,0.07596394568681716
1099,0.5456336178594878,0.06987865827977657
1100,0.5456336178594878,0.06360257603228092
1101,0.54629021667761,0.062180239660665396
1102,0.5456336178594878,0.06922151744365693
1103,0.5456336178594878,0.0514206076040864
1104,0.54629021667761,0.07187248524278403
1105,0.54629021667761,0.05124155282974243
1106,0.54629021667761,0.07215400878340006
1107,0.54629021667761,0.06668293252587318
1108,0.54629021667761,0.07064635157585145
1109,0.5476034143138543,0.08228924870491028
1110,0.54629021667761,0.05386029966175556
1111,0.5469468154957321,0.06043956000357866
1112,0.54629021667761,0.059076347202062604
1113,0.54629021667761,0.053930294886231425
1114,0.54629021667761,0.05594519963487983
1115,0.54629021667761,0.0693416479974985
1116,0.54629021667761,0.060466026235371825
1117,0.54629021667761,0.06362136974930763
1118,0.5449770190413658,0.07655640337616205
1119,0.5449770190413658,0.05922306552529335
1120,0.5456336178594878,0.07587640807032585
1121,0.5456336178594878,0.055926129780709745
1122,0.5456336178594878,0.05528360679745674
1123,0.5449770190413658,0.05714065907523036
1124,0.5456336178594878,0.05140364207327366
1125,0.5456336178594878,0.07481443658471107
1126,0.5456336178594878,0.051773428171873095
1127,0.5456336178594878,0.07698117718100547
1128,0.5443204202232436,0.05907963030040264
1129,0.5449770190413658,0.050254179257899524
1130,0.5443204202232436,0.06784086003899574
1131,0.5443204202232436,0.057909495756030084
1132,0.5443204202232436,0.04969738312065601
1133,0.5443204202232436,0.06182146314531565
1134,0.5443204202232436,0.06746591702103615
1135,0.5443204202232436,0.06991298482753336
1136,0.5456336178594878,0.0720373660326004
1137,0.5449770190413658,0.06185650192201138
1138,0.5449770190413658,0.05592994913458824
1139,0.5456336178594878,0.05602932255715132
1140,0.5456336178594878,0.05709056090563536
1141,0.5456336178594878,0.05200891643762588
1142,0.5469468154957321,0.06839093081653118
1143,0.54629021667761,0.055384238623082636
1144,0.54629021667761,0.06648587118834257
1145,0.5449770190413658,0.0497224535793066
1146,0.54629021667761,0.05245559960603714
1147,0.54629021667761,0.06545888292603194
1148,0.54629021667761,0.0735371976159513
1149,0.5469468154957321,0.06029853671789169
1150,0.5456336178594878,0.06117604076862335
1151,0.5469468154957321,0.06181220971047878
1152,0.5449770190413658,0.04757827017456293
1153,0.5449770190413658,0.059456458501517775
1154,0.5449770190413658,0.06212190855294466
1155,0.5449770190413658,0.06558110900223255
1156,0.5456336178594878,0.06134286597371101
1157,0.5456336178594878,0.047259351797401906
1158,0.5456336178594878,0.07240945287048817
1159,0.5456336178594878,0.06555491276085376
1160,0.5456336178594878,0.08149190135300159
1161,0.5456336178594878,0.06725581288337708
1162,0.54629021667761,0.04639296578243375
1163,0.5469468154957321,0.05268686767667532
1164,0.5476034143138543,0.07117601688951254
1165,0.5469468154957321,0.05890552625060082
1166,0.5469468154957321,0.04648725837469101
1167,0.5482600131319764,0.06638506762683391
1168,0.5476034143138543,0.055377200897783044
1169,0.5476034143138543,0.05717897801660001
1170,0.5469468154957321,0.073280243948102
1171,0.5482600131319764,0.06928193606436253
1172,0.5476034143138543,0.047392726363614204
1173,0.5482600131319764,0.060390875488519666
1174,0.5482600131319764,0.06274295784533024
1175,0.5469468154957321,0.05752020478248596
1176,0.5469468154957321,0.06057365946471691
1177,0.5482600131319764,0.07895026355981827
1178,0.5482600131319764,0.06910916157066822
1179,0.54629021667761,0.06692199166864157
1180,0.54629021667761,0.051850230619311335
1181,0.5476034143138543,0.07376487739384174
1182,0.5469468154957321,0.06612290795892477
1183,0.5476034143138543,0.07308959290385246
1184,0.5469468154957321,0.05044363462366164
1185,0.5456336178594878,0.06260864669457078
1186,0.54629021667761,0.057530101388692856
1187,0.5449770190413658,0.059095966070890425
1188,0.5443204202232436,0.07077450444921851
1189,0.5443204202232436,0.06360064689069986
1190,0.5443204202232436,0.07318602204322815
1191,0.5449770190413658,0.08344173654913903
1192,0.5456336178594878,0.05845232345163822
1193,0.5449770190413658,0.052207072358578445
1194,0.5449770190413658,0.07621017508208752
1195,0.5436638214051215,0.050203355960547924
1196,0.5443204202232436,0.056599604431539774
1197,0.5443204202232436,0.06053759176284075
1198,0.5449770190413658,0.049106146581470965
1199,0.5456336178594878,0.058778001368045805
1200,0.54629021667761,0.06480403766036033
1201,0.5449770190413658,0.06533792093396187
1202,0.5449770190413658,0.06240729168057442
1203,0.5449770190413658,0.07335759960114956
1204,0.5449770190413658,0.06119081620126963
1205,0.5456336178594878,0.04687586333602667
1206,0.5456336178594878,0.06735278628766536
1207,0.5449770190413658,0.07114936280995607
1208,0.5443204202232436,0.05522237606346607
1209,0.5449770190413658,0.06284359954297543
1210,0.5449770190413658,0.0636380223557353
1211,0.5443204202232436,0.0498083958402276
1212,0.5449770190413658,0.04504389334470034
1213,0.5456336178594878,0.0732205506414175
1214,0.5456336178594878,0.06479662433266639
1215,0.5449770190413658,0.06317337565124034
1216,0.5449770190413658,0.055596554279327394
1217,0.5449770190413658,0.05653621815145016
1218,0.5449770190413658,0.07123224530369043
1219,0.5449770190413658,0.058237440139055255
1220,0.5449770190413658,0.05756634105928242
1221,0.5449770190413658,0.06629717126488685
1222,0.5449770190413658,0.06539890673011542
1223,0.5449770190413658,0.06455629989504814
1224,0.5443204202232436,0.04700107118114829
1225,0.5443204202232436,0.06126680411398411
1226,0.5436638214051215,0.04932143092155457
1227,0.5443204202232436,0.06074118483811617
1228,0.5443204202232436,0.06966118551790715
1229,0.5436638214051215,0.07143638972193003
1230,0.5436638214051215,0.06067070215940475
1231,0.5449770190413658,0.05947170257568359
1232,0.5443204202232436,0.061119910515844825
1233,0.5449770190413658,0.06087909704074264
1234,0.5449770190413658,0.05921656070277095
1235,0.5443204202232436,0.06035173125565052
1236,0.5443204202232436,0.05951196495443582
1237,0.5443204202232436,0.05415836274623871
1238,0.5443204202232436,0.07173751723021268
1239,0.5443204202232436,0.08017416931688785
1240,0.5443204202232436,0.06442648135125636
1241,0.5443204202232436,0.056266557425260544
1242,0.5443204202232436,0.06670976802706718
1243,0.5443204202232436,0.06500017493963242
1244,0.5443204202232436,0.06012814007699489
1245,0.5430072225869993,0.05686776489019394
1246,0.5430072225869993,0.05185743905603886
1247,0.5436638214051215,0.04638925045728683
1248,0.5443204202232436,0.0521777419373393
1249,0.5436638214051215,0.07703434582799673
1250,0.5436638214051215,0.06191003881394863
1251,0.5430072225869993,0.056447936967015264
1252,0.5430072225869993,0.07010561563074588
1253,0.5443204202232436,0.07684798631817102
1254,0.5443204202232436,0.07192395329475403
1255,0.5449770190413658,0.06087702801451087
1256,0.5443204202232436,0.049847213178873064
1257,0.5443204202232436,0.08787742406129836
1258,0.5443204202232436,0.06274166554212571
1259,0.5436638214051215,0.06766940113157034
1260,0.5436638214051215,0.07210699543356895
1261,0.5436638214051215,0.05779101047664881
1262,0.5443204202232436,0.06616238318383694
1263,0.5430072225869993,0.07487948015332221
1264,0.5443204202232436,0.06860180981457234
1265,0.5436638214051215,0.05666402690112591
1266,0.5443204202232436,0.07627981305122375
1267,0.5443204202232436,0.07258547358214855
1268,0.5443204202232436,0.0786998838186264
1269,0.5443204202232436,0.05373730603605509
1270,0.5443204202232436,0.07007426265627145
1271,0.5443204202232436,0.06467923168092966
1272,0.5443204202232436,0.06663328371942043
1273,0.5443204202232436,0.050497299246490004
1274,0.5443204202232436,0.06170990765094757
1275,0.5443204202232436,0.06779571268707514
1276,0.5443204202232436,0.045907961390912536
1277,0.5443204202232436,0.0687656158581376
1278,0.5443204202232436,0.07605500966310501
1279,0.5443204202232436,0.06621943265199662
1280,0.5443204202232436,0.07052947916090488
1281,0.5443204202232436,0.0817507915198803
1282,0.5449770190413658,0.06573134809732437
1283,0.5456336178594878,0.07455846965312958
1284,0.54629021667761,0.051788421673700215
1285,0.5456336178594878,0.06381468959152699
1286,0.54629021667761,0.07175115384161472
1287,0.5456336178594878,0.06599531285464763
1288,0.5449770190413658,0.06109197251498699
1289,0.5456336178594878,0.06936132274568081
1290,0.5456336178594878,0.06752835405059159
1291,0.5456336178594878,0.07230199873447418
1292,0.5456336178594878,0.05000823382288218
1293,0.5456336178594878,0.06562055684626103
1294,0.5456336178594878,0.06979145444929599
1295,0.5456336178594878,0.052528749033808705
1296,0.5456336178594878,0.055987877491861585
1297,0.5456336178594878,0.06201917454600334
1298,0.5456336178594878,0.058991487696766855
1299,0.5456336178594878,0.05879717692732811
1300,0.5456336178594878,0.05656286654993892
1301,0.5449770190413658,0.06886255592107773
1302,0.5449770190413658,0.06898771412670612
1303,0.5443204202232436,0.08236134145408869
1304,0.5443204202232436,0.05571170039474964
1305,0.5443204202232436,0.05859752520918846
1306,0.5443204202232436,0.048850808292627335
1307,0.5436638214051215,0.06577437482774258
1308,0.5443204202232436,0.06143517922610044
1309,0.5443204202232436,0.04993915930390358
1310,0.5443204202232436,0.061900101415812966
1311,0.5449770190413658,0.05781763587146997
1312,0.5449770190413658,0.06839910559356213
1313,0.5443204202232436,0.08373937010765076
1314,0.5443204202232436,0.05997099708765745
1315,0.5436638214051215,0.07946790624409913
1316,0.5443204202232436,0.08244043067097664
1317,0.5443204202232436,0.05704519525170326
1318,0.5443204202232436,0.06266953945159912
1319,0.5449770190413658,0.039293637685477736
1320,0.5449770190413658,0.06972567308694125
1321,0.5449770190413658,0.06314703337848186
1322,0.5449770190413658,0.06492230631411075
1323,0.5449770190413658,0.047830582968890666
1324,0.5456336178594878,0.06189829409122467
1325,0.5449770190413658,0.07437213845551013
1326,0.5449770190413658,0.04781412482261658
1327,0.5449770190413658,0.059083109349012376
1328,0.5449770190413658,0.045829623471945524
1329,0.5449770190413658,0.04228274282068014
1330,0.5456336178594878,0.06264122799038888
1331,0.5456336178594878,0.06485635824501515
1332,0.5449770190413658,0.07003415683284402
1333,0.5456336178594878,0.08157066181302071
1334,0.54629021667761,0.06212739795446396
1335,0.54629021667761,0.07872827518731355
1336,0.54629021667761,0.06183682922273874
1337,0.5456336178594878,0.0649482287466526
1338,0.5456336178594878,0.06432675942778587
1339,0.5456336178594878,0.06392389982938766
1340,0.5456336178594878,0.05488540548831224
1341,0.5456336178594878,0.05463119354099035
1342,0.5456336178594878,0.05083522796630859
1343,0.5456336178594878,0.05860032439231873
1344,0.5456336178594878,0.06921588703989982
1345,0.5456336178594878,0.06686300821602345
1346,0.5456336178594878,0.04873277246952057
1347,0.5456336178594878,0.05086987391114235
1348,0.5449770190413658,0.058796883933246134
1349,0.5456336178594878,0.04982048701494932
1350,0.5456336178594878,0.05529674086719751
1351,0.5456336178594878,0.060378909669816495
1352,0.5456336178594878,0.041849919408559796
1353,0.54629021667761,0.053551309555768964
1354,0.54629021667761,0.06747002229094505
1355,0.54629021667761,0.060420997813344
1356,0.54629021667761,0.07350033335387707
1357,0.5456336178594878,0.04483056236058473
1358,0.54629021667761,0.06330372281372547
1359,0.54629021667761,0.04906028900295496
1360,0.5449770190413658,0.06249504648149014
1361,0.5456336178594878,0.060807965509593484
1362,0.5443204202232436,0.06276102643460035
1363,0.5443204202232436,0.0783757209777832
1364,0.5443204202232436,0.05089792739599943
1365,0.5443204202232436,0.07225755751132965
1366,0.5443204202232436,0.056501560099422934
1367,0.5443204202232436,0.06153146997094154
1368,0.5443204202232436,0.06455071829259396
1369,0.5443204202232436,0.07059393115341664
1370,0.5443204202232436,0.058470402285456656
1371,0.5443204202232436,0.06885756216943265
1372,0.5443204202232436,0.06573573313653469
1373,0.5443204202232436,0.06431418545544147
1374,0.5443204202232436,0.0690439973026514
1375,0.5443204202232436,0.08760338984429836
1376,0.5443204202232436,0.05554712861776352
1377,0.5443204202232436,0.07705967985093594
1378,0.5449770190413658,0.06173815168440342
1379,0.5449770190413658,0.05876539032906294
1380,0.5449770190413658,0.08018719237297774
1381,0.5449770190413658,0.06671612486243247
1382,0.5449770190413658,0.057038873061537744
1383,0.5449770190413658,0.06641654251143336
1384,0.5449770190413658,0.05611230963841081
1385,0.5449770190413658,0.047382220067083834
1386,0.5449770190413658,0.04571101702749729
1387,0.5449770190413658,0.06259854435920716
1388,0.5449770190413658,0.05822553341276944
1389,0.5449770190413658,0.06940141785889864
1390,0.5449770190413658,0.05454403199255466
1391,0.5449770190413658,0.06329348739236593
1392,0.5449770190413658,0.07033781167119742
1393,0.5443204202232436,0.07552790157496929
1394,0.5443204202232436,0.0607489082030952
1395,0.5443204202232436,0.059023167565464975
1396,0.5436638214051215,0.07784845642745494
1397,0.5436638214051215,0.06519357059150935
1398,0.5436638214051215,0.059628788754343985
1399,0.5436638214051215,0.0677567794919014
1400,0.5436638214051215,0.054181681014597416
1401,0.5430072225869993,0.05499702878296375
1402,0.5430072225869993,0.0576606135815382
1403,0.5436638214051215,0.06142579466104507
1404,0.5430072225869993,0.05284853000193834
1405,0.5436638214051215,0.07169274929910899
1406,0.5436638214051215,0.07907723262906075
1407,0.5443204202232436,0.04893989562988281
1408,0.5436638214051215,0.050410270877182486
1409,0.5443204202232436,0.05850774198770523
1410,0.5443204202232436,0.06531470511108636
1411,0.5443204202232436,0.05102211600169539
1412,0.5436638214051215,0.04350575301796198
1413,0.5436638214051215,0.05478365728631616
1414,0.5436638214051215,0.05435566548258066
1415,0.5436638214051215,0.05495911911129951
1416,0.5436638214051215,0.06462896652519703
1417,0.5436638214051215,0.06587164551019668
1418,0.5443204202232436,0.048692223709076644
1419,0.5449770190413658,0.06643013842403889
1420,0.5449770190413658,0.07122108023613691
1421,0.5443204202232436,0.047779569029808046
1422,0.5443204202232436,0.07316097104921937
1423,0.5443204202232436,0.0428147105500102
1424,0.5443204202232436,0.05669233556836843
1425,0.5436638214051215,0.062059069983661175
1426,0.5443204202232436,0.05581295476295054
1427,0.5449770190413658,0.05769562441855669
1428,0.5436638214051215,0.06438875105232
1429,0.5436638214051215,0.06271942537277937
1430,0.5443204202232436,0.06931543722748756
1431,0.5443204202232436,0.053697488456964496
1432,0.5449770190413658,0.07148163244128228
1433,0.5443204202232436,0.05163748078048229
1434,0.5449770190413658,0.06530997324734926
1435,0.5443204202232436,0.045671323267742994
1436,0.5443204202232436,0.07309352904558182
1437,0.5436638214051215,0.06779328398406506
1438,0.5436638214051215,0.054316741228103635
1439,0.5436638214051215,0.05076945079490543
1440,0.5436638214051215,0.05248016826808453
1441,0.5436638214051215,0.05106545612215996
1442,0.5436638214051215,0.07580832429230214
1443,0.5443204202232436,0.05547229442745447
1444,0.5443204202232436,0.058561156131327154
1445,0.5436638214051215,0.054023077711462975
1446,0.5443204202232436,0.06147036161273718
1447,0.5443204202232436,0.0755073701031506
1448,0.5443204202232436,0.06551814023405314
1449,0.5443204202232436,0.05544064361602068
1450,0.5436638214051215,0.04988278825767338
1451,0.5436638214051215,0.05788331963121891
1452,0.5436638214051215,0.06322082951664924
1453,0.5443204202232436,0.07258941642940045
1454,0.5436638214051215,0.07150634452700615
1455,0.5430072225869993,0.07056229822337627
1456,0.5430072225869993,0.07311163712292909
1457,0.5430072225869993,0.07155830673873424
1458,0.5430072225869993,0.08473766669631004
1459,0.5430072225869993,0.06213078945875168
1460,0.5430072225869993,0.051102424459531906
1461,0.5430072225869993,0.07281536310911178
1462,0.5430072225869993,0.05869601424783468
1463,0.5430072225869993,0.08466255366802215
1464,0.5436638214051215,0.06978428699076175
1465,0.5430072225869993,0.05739638768136501
1466,0.5436638214051215,0.06144918072968721
1467,0.5436638214051215,0.05314726568758488
1468,0.5436638214051215,0.06681130230426788
1469,0.5436638214051215,0.0636395102366805
1470,0.5443204202232436,0.047265492379665375
1471,0.5443204202232436,0.047236674651503566
1472,0.5436638214051215,0.06481226608157158
1473,0.5436638214051215,0.060044023860245946
1474,0.5436638214051215,0.05604018568992615
1475,0.5436638214051215,0.07453085388988256
1476,0.5436638214051215,0.07106675412505865
1477,0.5436638214051215,0.07025864273309708
1478,0.5436638214051215,0.06496151350438595
1479,0.5436638214051215,0.056138751562684774
1480,0.5423506237688772,0.060739727690815926
1481,0.5430072225869993,0.07660180907696486
1482,0.5436638214051215,0.034336749278008935
1483,0.5436638214051215,0.04570980425924063
1484,0.5443204202232436,0.06982851177453994
1485,0.5436638214051215,0.06331101153045893
1486,0.5436638214051215,0.07563924342393875
1487,0.5436638214051215,0.06210158988833427
1488,0.5436638214051215,0.054191003832966086
1489,0.5430072225869993,0.052807443961501124
1490,0.5430072225869993,0.03621324356645346
1491,0.5430072225869993,0.06007612943649292
1492,0.5430072225869993,0.0582255432382226
1493,0.5430072225869993,0.05652983207255602
1494,0.5430072225869993,0.06410044077783823
1495,0.5430072225869993,0.07186840511858464
1496,0.5430072225869993,0.07064380161464215
1497,0.5430072225869993,0.0661716902628541
1498,0.5436638214051215,0.06751599609851837
1499,0.5443204202232436,0.07201658096164465
1500,0.5443204202232436,0.05129380496218801
1501,0.5443204202232436,0.07793116215616465
1502,0.5443204202232436,0.06722250431776047
1503,0.5443204202232436,0.07584681138396263
1504,0.5436638214051215,0.06939466334879399
1505,0.5443204202232436,0.06614683140069247
1506,0.5436638214051215,0.04852623753249645
1507,0.5436638214051215,0.07612956017255783
1508,0.5436638214051215,0.05627006366848945
1509,0.5436638214051215,0.05356022156774998
1510,0.5436638214051215,0.05464698299765587
1511,0.5443204202232436,0.05764601305127144
1512,0.5449770190413658,0.06195196136832237
1513,0.5449770190413658,0.05860974416136742
1514,0.5449770190413658,0.061924710869789124
1515,0.5449770190413658,0.0615086417645216
1516,0.5456336178594878,0.06813732534646988
1517,0.5449770190413658,0.054937909543514254
1518,0.5449770190413658,0.05916389673948288
1519,0.5449770190413658,0.05060859508812428
1520,0.5449770190413658,0.05829667914658785
1521,0.5449770190413658,0.05922379996627569
1522,0.5456336178594878,0.05948482220992446
1523,0.5443204202232436,0.06418698728084564
1524,0.5449770190413658,0.0605995805002749
1525,0.5449770190413658,0.05833776779472828
1526,0.5443204202232436,0.05750199183821678
1527,0.5443204202232436,0.06861905679106713
1528,0.5443204202232436,0.055687173083424565
1529,0.5443204202232436,0.06631483249366284
1530,0.5443204202232436,0.05872949678450823
1531,0.5443204202232436,0.07206329554319382
1532,0.5443204202232436,0.05578745994716883
1533,0.5443204202232436,0.06242319345474243
1534,0.5443204202232436,0.07487149834632874
1535,0.5456336178594878,0.05574467144906521
1536,0.5449770190413658,0.061921733990311624
1537,0.5449770190413658,0.05993348807096481
1538,0.5449770190413658,0.06811784096062183
1539,0.5449770190413658,0.058631289005279544
1540,0.5449770190413658,0.055423873290419576
1541,0.5449770190413658,0.04775799969211221
1542,0.5449770190413658,0.0537391409277916
1543,0.5449770190413658,0.04995002448558807
1544,0.5443204202232436,0.07310324758291245
1545,0.5443204202232436,0.05339518724940717
1546,0.5443204202232436,0.07270492613315582
1547,0.5449770190413658,0.048046573996543884
1548,0.5449770190413658,0.06983471419662238
1549,0.5449770190413658,0.06438541989773512
1550,0.5456336178594878,0.053141684643924235
1551,0.5456336178594878,0.06043570376932621
1552,0.5456336178594878,0.0525462532415986
1553,0.5456336178594878,0.06653716135770082
1554,0.5456336178594878,0.072863944247365
1555,0.5456336178594878,0.0596707115881145
1556,0.5456336178594878,0.04625738970935345
1557,0.5456336178594878,0.06555219478905201
1558,0.5456336178594878,0.058073298819363114
1559,0.54629021667761,0.04966876939870417
1560,0.54629021667761,0.07946259267628193
1561,0.54629021667761,0.05880744457244873
1562,0.5456336178594878,0.0638387631624937
1563,0.54629021667761,0.06980482079088687
1564,0.54629021667761,0.06812117360532284
1565,0.54629021667761,0.07583629041910171
